Creator,Collaborator,VideoTitle,PublishedAt
lachlan,pwr,The OG FORTNITE 4 CORNER Challenge!,2023-11-25T18:30:02Z
lachlan,lazarbeam,The OG FORTNITE 4 CORNER Challenge!,2023-11-25T18:30:02Z
tg plays,typical gamer,The *RANDOM* COLLAB BOSS Challenge! (Fortnite),2023-11-26T15:00:26Z
tg plays,typical gamer,The SUPPLY DROP *ONLY* Challenge in Fortnite!,2023-11-10T17:00:00Z
tg plays,typical gamer,The *RANDOM* SEASON OG BOSS Challenge! (Fortnite),2023-11-07T20:00:08Z
lazarbeam,lachlan,The ONE HOUSE CHALLENGE in Fortnite Battle Royale,2018-09-23T01:49:32Z
timthetatman,sypherpk,THE OG FORTNITE 4 CORNER CHALLENGE,2023-11-29T15:30:09Z
timthetatman,ninja,THE OG FORTNITE 4 CORNER CHALLENGE,2023-11-29T15:30:09Z
lachlan,mau,THE 1 CHEST CHALLENGE!,2023-03-05T05:09:25Z
lachlan,chanzes,THE 1 CHEST CHALLENGE!,2023-03-05T05:09:25Z
lachlan,pwr,THE 1 CHEST CHALLENGE!,2023-03-05T05:09:25Z
tg plays,typical gamer,The *RANDOM* SEASON 3 BOSS Challenge! (Fortnite),2023-06-23T02:25:40Z
tg plays,typical gamer,The *MYTHIC* 4 CORNER VAULT Challenge in Fortnite!,2023-08-27T22:27:21Z
more lachlan,pwr,THE 1 KEY CHALLENGE!,2023-07-11T19:00:05Z
more lachlan,lachlan,THE 1 KEY CHALLENGE!,2023-07-11T19:00:05Z
pwr,chanzes,PWR 1 CHEST CHALLENGE!,2023-11-20T16:32:55Z
pwr,lachlan,PWR 1 CHEST CHALLENGE!,2023-11-20T16:32:55Z
tg plays,typical gamer,The *EXOTIC* Only Challenge in Fortnite! (Season 4),2023-09-23T00:12:03Z
tg plays,typical gamer,The NO HEALING Challenge in Fortnite! (Chapter 4),2023-02-19T21:34:46Z
tg plays,typical gamer,The *RANDOM* MYTHIC BOSS Challenge! (Fortnite),2023-09-10T01:48:58Z
tg plays,typical gamer,The *RANDOM* GOLD TIGER BOSS Challenge in Fortnite!,2023-08-11T18:54:13Z
tg plays,typical gamer,The *RANDOM* HALLOWEEN BOSS Challenge! (Fortnite),2023-10-27T19:30:01Z
more lachlan,pwr,Fortnite *RANDOM* AMMO Box Challenge,2023-08-07T15:00:19Z
more lachlan,lachlan,Fortnite *RANDOM* AMMO Box Challenge,2023-08-07T15:00:19Z
tg plays,typical gamer,The *RANDOM* SEASON 4 BOSS Challenge! (Fortnite),2023-08-28T20:00:28Z
sypherpk,mccreamy,I Broke OG Fortnite's DUMBEST World Records!,2023-11-25T22:28:13Z
more lachlan,pwr,The *RANDOM* Eminem Skin Challenge!,2023-11-29T16:30:07Z
more lachlan,lachlan,The *RANDOM* Eminem Skin Challenge!,2023-11-29T16:30:07Z
chanzes,pwr,The *RANDOM* Skin Challenge! (OG Fortnite),2023-11-27T14:28:18Z
st3pny¬≤,st3pny,LA MALEDIZIONE DELLA DELTAPLANO CHALLENGE SU FORTNITE¬†OG¬†!!,2023-11-12T17:00:43Z
mexify games,fixx,"Die D√úMMSTE CHALLENGE in OG FORTNITE?! üò±üî• (Mit Stan, Fixx und Peen)",2023-11-18T17:00:05Z
tg plays,typical gamer,The *RANDOM* RENEGADE RAIDER BOSS Challenge! (Fortnite),2023-02-11T03:53:44Z
mexify games,fixx,"Die 4 ECKEN CHALLENGE in OG FORTNITE! üî•üò± mit Stan, Fixx und Peen",2023-11-11T18:00:30Z
more lachlan,pwr,The HALLOWEEN 1 CHEST CHALLENGE!,2023-10-15T19:00:02Z
more lachlan,lachlan,The HALLOWEEN 1 CHEST CHALLENGE!,2023-10-15T19:00:02Z
sypherpk,timthetatman,"THE 4 CORNER ALL MYTHIC CHALLENGE! ft. Ninja, Tim, Courage (Fortnite Battle Royale Season 2)",2020-02-27T19:00:02Z
sypherpk,ninja,"THE 4 CORNER ALL MYTHIC CHALLENGE! ft. Ninja, Tim, Courage (Fortnite Battle Royale Season 2)",2020-02-27T19:00:02Z
more lachlan,pwr,Lachlan x LazarBeam Is Back!,2023-11-24T18:41:08Z
more lachlan,lachlan,Lachlan x LazarBeam Is Back!,2023-11-24T18:41:08Z
more lachlan,lazarbeam,Lachlan x LazarBeam Is Back!,2023-11-24T18:41:08Z
sypherpk,lachlan,I WON Using *ONLY* MYTHIC WEAPONS! (Impossible) - Fortnite Battle Royale Challenge,2020-03-11T18:30:00Z
more lachlan,pwr,The *RANDOM* Meowscles Skin Challenge!,2023-07-25T15:00:45Z
more lachlan,lachlan,The *RANDOM* Meowscles Skin Challenge!,2023-07-25T15:00:45Z
tg plays,typical gamer,The *RANDOM* YELLOW DIAMOND BOSS Challenge!,2023-10-02T22:16:42Z
more halobt,halobt,The 1 TREASURE CHEST CHALLENGE! (Fortnite OG),2023-11-18T14:16:30Z
more halobt,sypherpk,The 1 TREASURE CHEST CHALLENGE! (Fortnite OG),2023-11-18T14:16:30Z
st3pny¬≤,st3pny,END GAME SENZA ARMI NELLA DELTAPLANO CHALLENGE SU FORTNITE¬†OG¬†!!,2023-11-07T12:30:24Z
tg plays,typical gamer,OG Fortnite is BACK! The *RANDOM* OG BOSS Challenge!,2023-03-28T16:59:30Z
lazarbeam,lachlan,Free Vending Machine *ONLY* Challenge,2019-03-16T02:27:40Z
zetfar,zetfartv,ROULETTE AL√âATOIRE CHALLENGE IMPOSSIBLE sur FORTNITE ! üé≤,2023-05-03T16:00:06Z
tg plays,typical gamer,The DICE ROLL CHALLENGE! (Fortnite),2023-09-06T02:29:48Z
tg plays,typical gamer,The *RANDOM* JADE BOSS Challenge! (Fortnite),2023-09-16T23:10:30Z
lachlan,mau,THE *MYTHIC* 4 CORNER CHALLENGE!,2023-03-15T16:57:29Z
lachlan,chanzes,THE *MYTHIC* 4 CORNER CHALLENGE!,2023-03-15T16:57:29Z
lachlan,pwr,THE *MYTHIC* 4 CORNER CHALLENGE!,2023-03-15T16:57:29Z
zetfar,zetfartv,1 SEUL TYPE DE CONSTRUCTION CHALLENGE sur FORTNITE ! ü•µ (C'est la gal√®re),2023-05-27T11:10:38Z
tg plays,typical gamer,The VENDING MACHINE *ONLY* Challenge in Fortnite!,2023-04-08T14:00:17Z
tg plays,typical gamer,OG Fortnite is BACK! The *RANDOM* OG BOSS Challenge!,2023-03-28T16:59:30Z
more lachlan,pwr,The *RANDOM* Meowscles Skin Challenge!,2023-07-25T15:00:45Z
more lachlan,lachlan,The *RANDOM* Meowscles Skin Challenge!,2023-07-25T15:00:45Z
zetfar,zetfartv,POISSON AL√âATOIRE CHALLENGE EXTR√äME sur FORTNITE ! üêüüê†,2023-04-08T11:00:00Z
tg plays,typical gamer,The DICE ROLL CHALLENGE! (Fortnite),2023-09-06T02:29:48Z
tg plays,typical gamer,The *RANDOM* JADE BOSS Challenge! (Fortnite),2023-09-16T23:10:30Z
sypherpk,lachlan,I WON Using *ONLY* MYTHIC WEAPONS! (Impossible) - Fortnite Battle Royale Challenge,2020-03-11T18:30:00Z
mexify games,fixx,Die NUR im AUTO Challenge in FORTNITE! üöóüî•,2023-06-21T13:00:17Z
davenite,fixx,FIXX vs. DAVENITE üéØ Die * ONLY REVOLVER* Challenge in FORTNITE!,2023-08-23T12:30:13Z
slogo,crainer,ONLY 0.1% Can COMPLETE This Fortnite CHALLENGE!,2019-09-27T20:00:02Z
tg plays,typical gamer,The VENDING MACHINE *ONLY* Challenge in Fortnite!,2023-04-08T14:00:17Z
tg plays,typical gamer,The DRONE *ONLY* CHALLENGE in Fortnite!,2022-12-22T02:06:59Z
lazarbeam,lachlan,Free Vending Machine *ONLY* Challenge,2019-03-16T02:27:40Z
tg plays,typical gamer,The NO HEALING CHALLENGE in Fortnite!,2020-05-20T23:54:24Z
fixx,davenite,üåàDie *REGENBOGEN WAFFEN* Challenge in Fortnite!üåà,2023-08-22T10:53:48Z
tg plays,typical gamer,The *RANDOM* SPORTS ICON Challenge in Fortnite!,2022-03-18T22:47:38Z
tg plays,typical gamer,The *RANDOM* PICKAXE Challenge in Fortnite!,2022-02-25T03:11:10Z
tg plays,typical gamer,The *EXOTIC* ONLY Challenge in Fortnite! (Chapter 4),2023-02-16T21:11:13Z
tg plays,typical gamer,The *RANDOM* MONSTER Challenge in Fortnite!,2021-02-28T22:57:55Z
tg plays,typical gamer,The *RANDOM* MEOWSCLES BOSS Challenge in Fortnite!,2021-05-10T00:57:16Z
lachlan,mau,THE *MYTHIC* 4 CORNER CHALLENGE!,2023-03-15T16:57:29Z
lachlan,chanzes,THE *MYTHIC* 4 CORNER CHALLENGE!,2023-03-15T16:57:29Z
lachlan,pwr,THE *MYTHIC* 4 CORNER CHALLENGE!,2023-03-15T16:57:29Z
lachlan,pwr,The *MYTHIC* 4 CORNER Challenge in Fortnite!,2023-09-05T17:00:25Z
zetfar,zetfartv,POISSON AL√âATOIRE CHALLENGE EXTR√äME sur FORTNITE ! üêüüê†,2023-04-08T11:00:00Z
tg plays,typical gamer,The *RANDOM* REALITY FRUIT Challenge in Fortnite!,2022-06-21T00:41:32Z
crainer,slogo,GREY ONLY Challenge in OG Fortnite!,2023-11-27T17:30:00Z
tg plays,typical gamer,The *RANDOM* MARSHMELLO Challenge in Fortnite!,2022-02-02T21:07:15Z
tg plays,typical gamer,The *RANDOM* GOLD BOSS Challenge in Fortnite!,2020-06-04T01:19:54Z
tg plays,typical gamer,The SNIPER *ONLY* CHALLENGE in Fortnite! (IMPOSSIBLE),2020-05-29T01:43:57Z
lazarbeam,lachlan,PIRATE ONLY Challenge in Fortnite,2019-03-04T21:02:49Z
lachlan,pwr,The *RANDOM* Gaming Legend Challenge!,2021-04-19T12:05:41Z
tg plays,typical gamer,I Found ALL 7 *MYTHICS* in ONE GAME! (Fortnite),2023-06-26T16:00:31Z
tg plays,typical gamer,The *RANDOM* CHAPTER 4 BOSS Challenge! (Fortnite),2022-12-09T05:31:58Z
tg plays,typical gamer,The *RANDOM* BOSS Challenge! (Fortnite Chapter 3),2022-02-12T03:47:47Z
tg plays,typical gamer,The *RANDOM* HALLOWEEN Challenge in Fortnite!,2022-10-31T03:14:52Z
tg plays,typical gamer,The *RANDOM* MOST WANTED BOSS Challenge! (Fortnite),2023-02-21T21:30:40Z
zetfartv,zetfar,TRA√éN√âE AL√âATOIRE CHALLENGE sur FORTNITE !,2023-09-22T17:02:17Z
tg plays,typical gamer,The *RANDOM* DRAGON BALL BOSS Challenge in Fortnite!,2022-08-20T03:39:31Z
tg plays,typical gamer,The *RANDOM* ATTACK ON TITAN BOSS Challenge in Fortnite!,2023-04-20T22:29:09Z
lazarbeam,lachlan,i hate fortnite challenges,2018-12-03T04:30:34Z
davenite,fixx,FIXX vs. DAVENITE üéØ Die * ONLY REVOLVER* Challenge in FORTNITE!,2023-08-23T12:30:13Z
tg plays,typical gamer,The *RAINBOW* NEW PISTOL Challenge in Fortnite!,2023-08-18T19:50:49Z
tg plays,typical gamer,The *RANDOM* COLLAB BOSS Challenge in Fortnite!,2022-08-15T04:27:22Z
tg plays,typical gamer,The *RANDOM* BOSS Challenge! (Fortnite Chapter 4),2023-02-17T20:34:30Z
